Scenario,Output,tokens_per_second,total_tokens,total_time,mean_time_per_token,max_time_per_token,min_time_per_token,accepted_tokens,total_draft_tokens,verification_rounds,total_draft_time,total_target_time,acceptance_rate,rollback_rate
Llama2 1.1b -> 7b - Multi-Token Pipeline,The first digits of pi are 3.1415926535897932384626433832795028841971693993751058,11.695639223974291,54,4.617105484008789,0.08550195340757016,0.5141575336456299,0.03611493110656738,48,101,14,4.5234174728393555,2.007917881011963,4.617105484008789,4.5234174728393555,2.007917881011963,11,6,6,2,2,21,14,0.4752475247524752,0.0
Llama2 1.1b -> 7b - Multi-Token Pipeline with Adaptive K,The first digits of pi are 3.14159265358979323846264338327950288419716939937510582,13.218687613027145,55,4.160776138305664,0.07565047524192116,0.50917649269104,0.03399968147277832,51,96,12,4.160776138305664,0.5422186851501465,4.160776138305664,4.160776138305664,0.5422186851501465,12,4,4,2,2,17,12,0.53125,0.0
