Scenario,Output,tokens_per_second,total_tokens,total_time,mean_time_per_token,max_time_per_token,min_time_per_token,accepted_tokens,total_draft_tokens,verification_rounds,total_draft_time,total_target_time,acceptance_rate,rollback_rate
Llama2 1.1b -> 7b - Multi-Token Pipeline,The first digits of pi are 3.141592653589793238462643383279502884197169399375,14.06821186197703,50,3.554111957550049,0.07108223915100098,0.40096616744995117,0.03601884841918945,45,84,12,3.554111957550049,0.6047322750091553,3.554111957550049,3.554111957550049,0.6047322750091553,12,5,5,2,2,18,12,0.5357142857142857,0.0
Llama2 1.1b -> 7b - Multi-Token Pipeline with Adaptive K,The first digits of pi are 3.1415926535897932384626433832795028841971693993751058,10.833257290727344,54,4.984650373458862,0.09230834024923819,0.35929059982299805,0.03550243377685547,46,116,15,4.943117141723633,2.2212040424346924,4.984650373458862,4.943117141723633,2.2212040424346924,11,8,8,2,2,24,15,0.39655172413793105,0.0
