Scenario,Output,tokens_per_second,total_tokens,total_time,mean_time_per_token,max_time_per_token,min_time_per_token,accepted_tokens,total_draft_tokens,verification_rounds,total_draft_time,total_target_time,acceptance_rate,rollback_rate
Llama2 1.1b -> 7b - Multi-Token Pipeline,The first digits of pi are 3.1415926535897932384626433832795028841971693993751058,12.242284710593239,54,4.4109413623809814,0.0816840993033515,0.5308752059936523,0.03856706619262695,49,91,13,4.270299673080444,1.2381393909454346,4.4109413623809814,4.270299673080444,1.2381393909454346,11,5,5,2,2,19,13,0.5384615384615384,0.0
Llama2 1.1b -> 7b - Multi-Token Pipeline with Adaptive K,The first digits of pi are 3.14159265358979323846264338327950288419716939937510582097,11.492007074253491,58,5.046986103057861,0.08701700177685968,0.4252190589904785,0.03905177116394043,51,120,13,4.959859848022461,2.501354932785034,5.046986103057861,4.959859848022461,2.501354932785034,12,7,7,2,2,21,13,0.425,0.0
