Scenario,Output,tokens_per_second,total_tokens,total_time,mean_time_per_token,max_time_per_token,min_time_per_token,accepted_tokens,total_draft_tokens,verification_rounds,total_draft_time,total_target_time,pipeline_total_time,draft_stage_busy_time,verify_stage_busy_time,pipeline_bubbles,rollback_events,flushed_batches,max_buffer_occupancy,buffer_capacity,batches_drafted,batches_verified,peak_memory_MB,model_memory_MB,memory_bandwidth_GB_per_s,peak_memory_bandwidth_GB_per_s,cpu_ram_delta_MB,gpu_utilization_pct,acceptance_rate,rollback_rate
Llama2 1.1b -> 7b - Multi-Token Pipeline,The first digits of pi are 3.1415926535897932384626433832795028841971693993751058209749445923078164062862089986280348253421170679821480865132823066470938446095505822317253594081284811174502841027019385211055596446229489549,8.26766781116813,200,24.190618753433228,0.12095309376716613,1.043205738067627,0.12274479866027832,183,566,17,24.16534733772278,4.21158242225647,24.190618753433228,24.16534733772278,4.21158242225647,17,12,12,2,2,29,17,15836.31104,15676.928,60.94763084233853,109.79553821502388,-33.161216,122.97099788681145,0.32332155477031804,0.7058823529411765
Llama2 1.1b -> 7b - Multi-Token Pipeline with Adaptive K,The first digits of pi are 3.1415926535897932384626433832795028841971693993751058209749445923078164062862089986280348253421170679821480865132823066470938446095505822317253594081284811174502841027019,13.126170908701383,201,15.312919616699219,0.07618367968507074,1.045729398727417,0.03704714775085449,158,278,43,15.011898517608643,10.144749164581299,15.312919616699219,15.011898517608643,10.144749164581299,15,12,12,2,2,56,43,15801.709568,15676.928,77.78599210963236,147.58265313802838,-46.137344,122.70231299362861,0.5683453237410072,0.27906976744186046
