Scenario,Output,tokens_per_second,total_tokens,total_time,mean_time_per_token,max_time_per_token,min_time_per_token,accepted_tokens,total_draft_tokens,verification_rounds,total_draft_time,total_target_time,acceptance_rate,rollback_rate
Llama2 1.1b -> 7b - Multi-Token Pipeline,The first digits of pi are 3.14159265358979323846264338327950288419716939937510,11.32333688602666,52,4.592285871505737,0.08831318983664879,0.5173139572143555,0.04802680015563965,48,83,12,4.175854206085205,2.5795741081237793,4.592285871505737,4.175854206085205,2.5795741081237793,10,4,4,2,2,17,12,0.5783132530120482,0.0
Llama2 1.1b -> 7b - Multi-Token Pipeline with Adaptive K,The first digits of pi are 3.14159265358979323846264338327950288419716939937510582,10.361449452147808,55,5.308137655258179,0.09651159373196688,0.47567200660705566,0.03861498832702637,48,119,14,5.196096658706665,2.941787004470825,5.308137655258179,5.196096658706665,2.941787004470825,9,7,7,2,2,22,14,0.40336134453781514,0.0
