Scenario,Output,tokens_per_second,total_tokens,total_time,mean_time_per_token,max_time_per_token,min_time_per_token,accepted_tokens,total_draft_tokens,verification_rounds,total_draft_time,total_target_time,acceptance_rate,rollback_rate
Llama2 1.1b -> 7b - Multi-Token Pipeline,The first digits of pi are 3.1415926535897932384626433832795028841971693993751058,15.989924245462099,54,3.377126693725586,0.06253938321714048,0.4780459403991699,0.03602933883666992,52,69,12,3.212669610977173,1.1205353736877441,3.377126693725586,3.212669610977173,1.1205353736877441,11,2,2,2,2,15,12,0.7536231884057971,0.0
Llama2 1.1b -> 7b - Multi-Token Pipeline with Adaptive K,The first digits of pi are 3.14159265358979323846264338327950288419716939937510582097,14.379810944242578,58,4.033432722091675,0.06954194348433922,0.40769314765930176,0.0385129451751709,54,95,11,4.033432722091675,0.5841975212097168,4.033432722091675,4.033432722091675,0.5841975212097168,11,4,4,2,2,16,11,0.5684210526315789,0.0
