Scenario,Output,tokens_per_second,total_tokens,total_time,mean_time_per_token,max_time_per_token,min_time_per_token,accepted_tokens,total_draft_tokens,verification_rounds,total_draft_time,total_target_time
Llama2 1.1b - Baseline,The first digits of pi are 3 and 1. The second digit of pi is 1. The third digit of pi is 1. The fourth digit of pi is 1. The fifth digit of pi is 1. The sixth digit of pi is 1. The seventh digit of pi is 1. The eighth digit of pi is 1. The ninth digit of pi is 1. The tenth digit of pi is 1. The eleventh digit of pi is 1,24.018056787993537,100,4.163534164428711,0.04163534164428711,0.059537410736083984,0.03402209281921387
Llama2 7b - Baseline,The first digits of pi are 3.14159265358979323846264338327950288419716939937510582097494459230781640628620899862803482534211706,5.067232921723993,100,19.734636545181274,0.19734636545181275,0.4293367862701416,0.040019989013671875
Llama2 1.1b -> 7b - Speculative,The first digits of pi are 3.14159265358979323846264338327950288419716939937510582097494459230781640628620899862803482534211706,9.805535307421229,100,10.198321342468262,0.10198321342468261,0.24331164360046387,0.03554081916809082,92,151,16,6.753600835800171,3.444720506668091
Llama2 1.1b -> 7b - Speculative with Adaptive K,The first digits of pi are 3.14159265358979323846264338327950288419716939937510582097494459230781640628620899862803482534211706,12.35898110444627,100,8.09128189086914,0.08091281890869141,0.10664105415344238,0.03503155708312988,93,139,13,5.333439588546753,2.7578423023223877
Llama2 1.1b -> 7b - Speculative with KV Cache,The first digits of pi are 3.14159265358979323846264338327950288419716939937510582097494459230781640628620899862803482534211706,13.74521012999031,100,7.275261640548706,0.07275261640548707,0.1306922435760498,0.03057241439819336,87,122,13,4.254909515380859,3.0203521251678467
Llama2 1.1b -> 7b - Speculative with Full Decoder,The first digits of pi are 3.14159265358979323846264338327950288419716939937510582097494459230781640628620899862803482534211706,12.234162516472919,100,8.173832893371582,0.08173832893371583,0.19672489166259766,0.031042098999023438,88,155,12,5.42794942855835,2.7458834648132324
