Scenario,Output,tokens_per_second,total_tokens,total_time,mean_time_per_token,max_time_per_token,min_time_per_token,accepted_tokens,total_draft_tokens,verification_rounds,total_draft_time,total_target_time
Llama2 1.1b - Baseline,The first digits of pi are 3 and 1. The second digit of pi is 1. The third digit of pi is 1. The fourth digit of pi is 1. The fifth digit of pi is 1. The sixth digit of pi is 1. The seventh digit of pi is 1. The eighth digit of pi is 1. The ninth digit of pi is 1. The tenth digit of pi is 1. The eleventh digit of pi is 1,27.21028627376235,100,3.6750807762145996,0.036750807762145996,0.05609416961669922,0.03402876853942871
Llama2 7b - Baseline,The first digits of pi are 3.14159265358979323846264338327950288419716939937510582097494459230781640628620899862803482534211706,5.115414859834864,100,19.54875659942627,0.1954875659942627,0.29034876823425293,0.040634870529174805
Llama2 1.1b -> 7b - Speculative,The first digits of pi are 3.14159265358979323846264338327950288419716939937510582097494459230781640628620899862803482534211706,11.605220133326402,100,8.616811990737915,0.08616811990737915,0.3469874858856201,0.03452324867248535,94,136,15,5.75389838218689,2.8629136085510254
Llama2 1.1b -> 7b - Speculative with Adaptive K,The first digits of pi are 3.14159265358979323846264338327950288419716939937510582097494459230781640628620899862803482534211706,10.449297437823152,100,9.570021390914917,0.09570021390914916,0.11115503311157227,0.035585641860961914,93,156,13,6.691046714782715,2.878974676132202
Llama2 1.1b -> 7b - Speculative with KV Cache,The first digits of pi are 3.14159265358979323846264338327950288419716939937510582097494459230781640628620899862803482534211706,13.432838449926926,100,7.444442987442017,0.07444442987442017,0.20517826080322266,0.03154182434082031,86,129,14,4.79427170753479,2.6501712799072266
Llama2 1.1b -> 7b - Speculative with Full Decoder,The first digits of pi are 3.14159265358979323846264338327950288419716939937510582097494459230781640628620899862803482534211706,13.072062703953732,100,7.649902105331421,0.07649902105331421,0.06659054756164551,0.03151988983154297,90,139,10,5.499371767044067,2.1505303382873535
