Scenario,Output,tokens_per_second,total_tokens,total_time,mean_time_per_token,max_time_per_token,min_time_per_token,accepted_tokens,total_draft_tokens,verification_rounds,total_draft_time,total_target_time,pipeline_total_time,draft_stage_busy_time,verify_stage_busy_time,pipeline_bubbles,rollback_events,flushed_batches,max_buffer_occupancy,buffer_capacity,batches_drafted,batches_verified,peak_memory_MB,model_memory_MB,memory_bandwidth_GB_per_s,peak_memory_bandwidth_GB_per_s,cpu_ram_delta_MB,gpu_utilization_pct,acceptance_rate,rollback_rate
Llama2 1.1b -> 7b - Multi-Token Pipeline,The first digits of pi are 3.14159265358979323846264338327950288419716939937510582097494459230781640628620899862803482534211706798,13.703128553230977,109,7.954387903213501,0.07297603580929818,0.5506901741027832,0.08425378799438477,95,202,14,7.954387903213501,2.507341146469116,7.954387903213501,7.954387903213501,2.507341146469116,14,7,6,2,2,21,14,15756.150784,15676.928,79.590685303169,159.95519670757338,0.024576,122.34854315942675,0.47029702970297027,0.5
Llama2 1.1b -> 7b - Multi-Token Pipeline with Adaptive K,The first digits of pi are 3.1415926535897932384626433832795028841971693993751058209749445923078164062862089986280348,18.07056081482257,106,5.865894317626953,0.05533862563799012,0.5072622299194336,0.0375370979309082,82,119,24,5.779557466506958,4.271597623825073,5.865894317626953,5.779557466506958,4.271597623825073,7,8,8,2,2,32,24,15748.667392,15676.928,99.77258935629189,179.39385435362948,0.004096,122.29043365529452,0.6890756302521008,0.3333333333333333
