Scenario,Output,tokens_per_second,total_tokens,total_time,mean_time_per_token,max_time_per_token,min_time_per_token,accepted_tokens,total_draft_tokens,verification_rounds,total_draft_time,total_target_time,pipeline_total_time,draft_stage_busy_time,verify_stage_busy_time,pipeline_bubbles,rollback_events,flushed_batches,max_buffer_occupancy,buffer_capacity,batches_drafted,batches_verified,peak_memory_MB,model_memory_MB,memory_bandwidth_GB_per_s,peak_memory_bandwidth_GB_per_s,cpu_ram_delta_MB,gpu_utilization_pct,acceptance_rate,rollback_rate
Llama2 1.1b -> 7b - Multi-Token Pipeline,The first digits of pi are 3.1415926535897932384626433832795028841971693993751058209749445923078164062862089986280348253421170679,14.535786979321168,109,7.498733997344971,0.06879572474628413,0.6276555061340332,0.07359981536865234,94,208,15,7.478231906890869,2.2570645809173584,7.498733997344971,7.478231906890869,2.2570645809173584,15,7,6,2,2,22,15,15755.52768,15676.928,87.98453131656645,183.1095793446794,254.898176,122.34370467649511,0.4519230769230769,0.4666666666666667
Llama2 1.1b -> 7b - Multi-Token Pipeline with Adaptive K,The first digits of pi are 3.1415926535897932384626433832795028841971693993751058209749445923078164062862089986,17.949816255416803,102,5.682509422302246,0.05571087668923771,0.43349313735961914,0.03710794448852539,77,129,25,5.682509422302246,4.225172996520996,5.682509422302246,5.682509422302246,4.225172996520996,8,6,6,2,2,32,25,15744.358912,15676.928,109.23576500125051,174.47727787100322,6.2464,122.25697775236127,0.5968992248062015,0.24
