Scenario,Output,tokens_per_second,total_tokens,total_time,mean_time_per_token,max_time_per_token,min_time_per_token,accepted_tokens,total_draft_tokens,verification_rounds,total_draft_time,total_target_time,pipeline_total_time,draft_stage_busy_time,verify_stage_busy_time,pipeline_bubbles,rollback_events,flushed_batches,max_buffer_occupancy,buffer_capacity,batches_drafted,batches_verified,peak_memory_MB,model_memory_MB,memory_bandwidth_GB_per_s,peak_memory_bandwidth_GB_per_s,cpu_ram_delta_MB,gpu_utilization_pct,acceptance_rate,rollback_rate
Llama2 1.1b -> 7b - Multi-Token Pipeline,The first digits of pi are 3.141592653589793238462643383279502884197169399375105820974944592307816406286208998628034825342,10.292378305189988,100,9.715927362442017,0.09715927362442017,0.6485183238983154,0.07885861396789551,84,248,16,9.715927362442017,2.4612855911254883,9.715927362442017,9.715927362442017,2.4612855911254883,16,10,9,2,2,26,16,15751.161856,15676.928,78.35106930900989,170.89865715223723,0.118784,122.3098034900053,0.3387096774193548,0.625
Llama2 1.1b -> 7b - Multi-Token Pipeline with Adaptive K,The first digits of pi are 3.141592653589793238462643383279502884197169399375105820974944592307816406286208998628,19.550594976248146,104,5.319531202316284,0.051149338483810425,0.5410215854644775,0.03754568099975586,79,123,25,5.319531202316284,3.820516347885132,5.319531202316284,5.319531202316284,3.820516347885132,5,6,6,2,2,32,25,15745.649152,15676.928,114.20793678199725,142.44081248192595,0.630784,122.26699663238408,0.6422764227642277,0.24
