Scenario,Output,tokens_per_second,total_tokens,total_time,mean_time_per_token,max_time_per_token,min_time_per_token,accepted_tokens,total_draft_tokens,verification_rounds,total_draft_time,total_target_time,pipeline_total_time,draft_stage_busy_time,verify_stage_busy_time,pipeline_bubbles,rollback_events,flushed_batches,max_buffer_occupancy,buffer_capacity,batches_drafted,batches_verified,peak_memory_MB,model_memory_MB,memory_bandwidth_GB_per_s,peak_memory_bandwidth_GB_per_s,cpu_ram_delta_MB,gpu_utilization_pct,acceptance_rate,rollback_rate
Llama2 1.1b -> 7b - Multi-Token Pipeline,The first digits of pi are 3.14159265358979323846264338327950288419716939937510582097494459230781640628620899862803482534,15.809229700645659,101,6.3886730670928955,0.06325418878309798,0.5574016571044922,0.06589889526367188,89,164,12,6.3886730670928955,1.7126469612121582,6.3886730670928955,6.3886730670928955,1.7126469612121582,12,4,4,2,2,17,12,15750.538752,15676.928,81.79129519516576,204.50769588893823,0.028672,122.30496500707363,0.5426829268292683,0.3333333333333333
Llama2 1.1b -> 7b - Multi-Token Pipeline with Adaptive K,The first digits of pi are 3.14159265358979323846264338327950288419716939937510582097494459230781640628620899862803,19.819037160016467,102,5.146566867828369,0.05045653791988597,0.5405268669128418,0.05408191680908203,84,121,18,5.146566867828369,2.7224273681640625,5.146566867828369,5.146566867828369,2.7224273681640625,13,3,3,2,2,22,18,15746.80832,15676.928,98.86098522969148,249.19292856381935,0.028672,122.27599772142041,0.6942148760330579,0.16666666666666666
