Scenario,Output,tokens_per_second,total_tokens,total_time,mean_time_per_token,max_time_per_token,min_time_per_token,accepted_tokens,total_draft_tokens,verification_rounds,total_draft_time,total_target_time,acceptance_rate,rollback_rate
Llama2 1.1b -> 7b - Multi-Token Pipeline,The first digits of pi are 3.141592653589793238462643383279502884197169399375105820974944592307816406286208998628034825342117067982148086513282306647093844609550582231725359408128481117450284102701938521105559644622948954930381,4.484904772639107,200,44.594034910202026,0.22297017455101012,4.627437114715576,0.12565135955810547,189,541,19,43.89962434768677,7.85734748840332,44.594034910202026,43.89962434768677,7.85734748840332,19,11,11,2,2,31,19,0.34935304990757854,0.0
Llama2 1.1b -> 7b - Multi-Token Pipeline with Adaptive K,The first digits of pi are 3.141592653589793238462643383279502884197169399375105820974944592307816406286208998628034825342117067982148086513282306647093844609550582231725359408128481117450284102701938521105559644622948954930381,2.0675463183935383,200,96.73302030563354,0.4836651015281677,8.177359819412231,0.13576388359069824,184,732,23,96.73302030563354,7.499268054962158,96.73302030563354,96.73302030563354,7.499268054962158,23,16,14,2,2,38,23,0.25136612021857924,0.0
