Scenario,Output,tokens_per_second,total_tokens,total_time,mean_time_per_token,max_time_per_token,min_time_per_token,accepted_tokens,total_draft_tokens,verification_rounds,total_draft_time,total_target_time,acceptance_rate,rollback_rate
Llama2 1.1b -> 7b - Multi-Token Pipeline,The first digits of pi are 3.141592653589793238462643383279502884197169399375105820974944592307816406286208998628034825342117067982148086513282306647093844609550582231725359408128481117450284102701938521105559644622948954930381,7.404433569625154,200,27.010843992233276,0.13505421996116637,2.4466469287872314,0.034040212631225586,190,517,17,27.010843992233276,0.8536603450775146,27.010843992233276,27.010843992233276,0.8536603450775146,17,10,10,2,2,28,17,0.36750483558994196,0.0
Llama2 1.1b -> 7b - Multi-Token Pipeline with Adaptive K,The first digits of pi are 3.141592653589793238462643383279502884197169399375105820974944592307816406286208998628034825342117067982148086513282306647093844609550582231725359408128481117450284102701938521105559644622948954930381,2.3169297399694773,200,86.32113289833069,0.43160566449165344,8.55915641784668,0.03353548049926758,187,574,19,86.32113289833069,1.0053575038909912,86.32113289833069,86.32113289833069,1.0053575038909912,19,13,12,2,2,32,19,0.32578397212543553,0.0
