Scenario,Output,tokens_per_second,total_tokens,total_time,mean_time_per_token,max_time_per_token,min_time_per_token,accepted_tokens,total_draft_tokens,verification_rounds,total_draft_time,total_target_time,acceptance_rate,rollback_rate
Llama2 1.1b -> 7b - Multi-Token Pipeline,The first digits of pi are 3.14159265358979323846264338327950288419716939937510582097494459230781640628620899862803482534211706,11.26554073321859,100,8.87662672996521,0.0887662672996521,0.5338468551635742,0.034105539321899414,91,221,15,8.87662672996521,2.6696667671203613,8.87662672996521,8.87662672996521,2.6696667671203613,15,9,7,2,2,23,15,0.4117647058823529,0.0
Llama2 1.1b -> 7b - Multi-Token Pipeline with Adaptive K,The first digits of pi are 3.14159265358979323846264338327950288419716939937510582097494459230781640628620899862803482534211706798,10.228469309381774,103,10.06993293762207,0.09776633920021427,1.9188165664672852,0.11672639846801758,98,217,11,10.06993293762207,2.332602024078369,10.06993293762207,10.06993293762207,2.332602024078369,11,5,5,2,2,17,11,0.45161290322580644,0.0
