Scenario,Output,tokens_per_second,total_tokens,total_time,mean_time_per_token,max_time_per_token,min_time_per_token,accepted_tokens,total_draft_tokens,verification_rounds,total_draft_time,total_target_time,acceptance_rate,rollback_rate
Llama2 1.1b -> 7b - Multi-Token Pipeline,The first digits of pi are 3.14159265358979323846264338327950288419716939937510582097494459230781640628620899862803482534211706,9.436479189369345,100,10.597172737121582,0.10597172737121582,0.6433916091918945,0.03555870056152344,89,277,16,10.597172737121582,2.6508686542510986,10.597172737121582,10.597172737121582,2.6508686542510986,16,11,11,2,2,28,16,0.3212996389891697,0.0
Llama2 1.1b -> 7b - Multi-Token Pipeline with Adaptive K,The first digits of pi are 3.14159265358979323846264338327950288419716939937510582097494459230781640628620899862803482534211706798214808651,4.664277009584354,112,24.012295961380005,0.21439549965517862,4.86207389831543,0.03557705879211426,105,249,14,24.012295961380005,3.6665217876434326,24.012295961380005,24.012295961380005,3.6665217876434326,14,7,6,2,2,21,14,0.42168674698795183,0.0
