Scenario,Output,tokens_per_second,total_tokens,total_time,mean_time_per_token,max_time_per_token,min_time_per_token,accepted_tokens,total_draft_tokens,verification_rounds,total_draft_time,total_target_time,acceptance_rate,rollback_rate
Llama2 1.1b -> 7b - Multi-Token Pipeline,The first digits of pi are 3.14159265358979323846264338327950288419716939937510582097494459230781640628620899862803482534211706,12.128875431973118,100,8.244787454605103,0.08244787454605103,0.5262486934661865,0.07414698600769043,92,214,15,8.244787454605103,2.7993831634521484,8.244787454605103,8.244787454605103,2.7993831634521484,14,8,7,2,2,23,15,0.42990654205607476,0.0
Llama2 1.1b -> 7b - Multi-Token Pipeline with Adaptive K,The first digits of pi are 3.1415926535897932384626433832795028841971693993751058209749445923078164062862089986280348253421170679821480865132,4.485834109006773,114,25.413333892822266,0.22292398151598478,4.600367307662964,0.1012721061706543,107,246,13,25.413333892822266,4.472759246826172,25.413333892822266,25.413333892822266,4.472759246826172,13,7,7,2,2,21,13,0.4349593495934959,0.0
