Scenario,Output,tokens_per_second,total_tokens,total_time,mean_time_per_token,max_time_per_token,min_time_per_token,accepted_tokens,total_draft_tokens,verification_rounds,total_draft_time,total_target_time,pipeline_total_time,draft_stage_busy_time,verify_stage_busy_time,pipeline_bubbles,rollback_events,flushed_batches,max_buffer_occupancy,buffer_capacity,batches_drafted,batches_verified,peak_memory_MB,model_memory_MB,memory_bandwidth_GB_per_s,peak_memory_bandwidth_GB_per_s,cpu_ram_delta_MB,gpu_utilization_pct,acceptance_rate,rollback_rate
Llama2 1.1b -> 7b - Multi-Token Pipeline,The first digits of pi are 3.141592653589793238462643383279502884197169399375105820974944592307816406286208998628034825342117067982148086513282306647093844609550582231725359408128481117450284102701938521105559644622948954930381964428810975665933446128475648233786783165271201909145648566923460348610454326648213393607260249141273724587006606315588174881520920962829254091715364367892590360011330530548820466521384146951941511,0.8438333449322669,400,474.0272500514984,1.185068125128746,4.620884656906128,0.043865203857421875,285,7571,115,474.0272500514984,36.383108615875244,474.0272500514984,474.0272500514984,36.383108615875244,114,113,108,2,2,223,115,15965.971456,15676.928,38.4086953233807,307.23284168026856,-1280.86016,123.97782774142001,0.0376436402060494,0.9826086956521739
Llama2 1.1b -> 7b - Multi-Token Pipeline with Adaptive K,The first digits of pi are 3.141592653589793238462643383279502884197169399375105820974944592307816406286208998628034825342117067982148086513282306647093844609550582231725359408128481117450284102701938521105559644622948954930381964428810975665933446128475648233786783165271201909145648566923460348610454326648213393607260249141273724587006606315,6.91432905464675,400,57.85087704658508,0.1446271926164627,2.8298563957214355,0.03867316246032715,258,733,142,57.85087704658508,30.139060020446777,57.85087704658508,57.85087704658508,30.139060020446777,61,58,58,2,2,201,142,15889.616896,15676.928,60.95639592548167,348.4801959453201,-1149.865984,123.38492473435653,0.3519781718963165,0.4084507042253521
