Scenario,Output,tokens_per_second,total_tokens,total_time,mean_time_per_token,max_time_per_token,min_time_per_token,accepted_tokens,total_draft_tokens,verification_rounds,total_draft_time,total_target_time,pipeline_total_time,draft_stage_busy_time,verify_stage_busy_time,pipeline_bubbles,rollback_events,flushed_batches,max_buffer_occupancy,buffer_capacity,batches_drafted,batches_verified,peak_memory_MB,model_memory_MB,memory_bandwidth_GB_per_s,peak_memory_bandwidth_GB_per_s,cpu_ram_delta_MB,gpu_utilization_pct,acceptance_rate,rollback_rate
Llama2 1.1b -> 7b - Multi-Token Pipeline,The first digits of pi are 3.14159265358979323846264338327950288419716939937510582097494459230781640628620899862803482534211706798214808651328230664709384460955058223172535940812848111745028410270193852110555964462294895493038196442881097566593344612847564823378678316527120190914564856692346034861045432664821339360726024914127372458700660631558817488152092096282925409171536436789259036001133053054882046652138414695194151,0.8022675042327853,400,498.58681535720825,1.2464670383930205,4.287783861160278,0.03960752487182617,281,7697,119,498.58681535720825,40.59441614151001,498.58681535720825,498.58681535720825,40.59441614151001,116,116,110,2,2,229,119,15958.409728,15676.928,37.180862327100826,340.25936423980914,-1024.806912,123.91910994814354,0.03650773028452644,0.9747899159663865
Llama2 1.1b -> 7b - Multi-Token Pipeline with Adaptive K,The first digits of pi are 3.1415926535897932384626433832795028841971693993751058209749445923078164062862089986280348253421170679821480865132823066470938446095505822317253594081284811174502841027019385211055596446229489549303819644288109756659334461284756482337867831652712019091456485669234603486104543266482133936072602491412737245870066063155881748815209209628,5.072414842465069,401,79.05504822731018,0.19714475867159645,1.9910624027252197,0.04016828536987305,267,678,134,79.05504822731018,25.378175258636475,79.05504822731018,79.05504822731018,25.378175258636475,111,68,68,2,2,203,134,15901.466112,15676.928,41.712212790135666,335.50924835113506,-439.078912,123.47693542497862,0.3938053097345133,0.5074626865671642
