Scenario,Output,tokens_per_second,total_tokens,total_time,mean_time_per_token,max_time_per_token,min_time_per_token,accepted_tokens,total_draft_tokens,verification_rounds,total_draft_time,total_target_time,pipeline_total_time,draft_stage_busy_time,verify_stage_busy_time,pipeline_bubbles,rollback_events,flushed_batches,max_buffer_occupancy,buffer_capacity,batches_drafted,batches_verified,peak_memory_MB,model_memory_MB,memory_bandwidth_GB_per_s,peak_memory_bandwidth_GB_per_s,cpu_ram_delta_MB,gpu_utilization_pct,acceptance_rate,rollback_rate
Llama2 1.1b -> 7b - Multi-Token Pipeline,The first digits of pi are 3.141592653589793238462643383279502884197169399375105820974944592307816406286208998628034825342117067982148086513282306647093844609550582231725359408128481117450284102701938521105559644622948954930381964428810975665933446128475648233786783165271201909145648566923460348610454326648213393607260249141273724587006606315588174881520920962829254091715364367892590360011330530548820466521384146951941511,1.0490190407347533,400,381.30861735343933,0.9532715433835983,3.2766122817993164,0.04024386405944824,285,7336,115,381.30861735343933,15.818726778030396,381.30861735343933,381.30861735343933,15.818726778030396,115,113,107,2,2,222,115,15965.971456,15676.928,46.39219959021061,334.8791560395896,-1801.703424,123.97782774142001,0.0388495092693566,0.9826086956521739
Llama2 1.1b -> 7b - Multi-Token Pipeline with Adaptive K,The first digits of pi are 3.14159265358979323846264338327950288419716939937510582097494459230781640628620899862803482534211706798214808651328230664709384460955058223172535940812848111745028410270193852110555964462294895493038196442881097566593344612847564823378678316527120190914564856692346034861045432664821339360726024914127372458700660631558817488152,7.645811906525531,400,52.31622290611267,0.1307905572652817,3.065183162689209,0.036093711853027344,271,687,129,52.31622290611267,12.282909870147705,52.31622290611267,52.31622290611267,12.282909870147705,110,57,57,2,2,186,129,15897.100288,15676.928,62.1217956498207,373.3844633901137,-1623.199744,123.44303423848876,0.39446870451237265,0.4418604651162791
