Scenario,Output,tokens_per_second,total_tokens,total_time,mean_time_per_token,max_time_per_token,min_time_per_token,accepted_tokens,total_draft_tokens,verification_rounds,total_draft_time,total_target_time,pipeline_total_time,draft_stage_busy_time,verify_stage_busy_time,pipeline_bubbles,rollback_events,flushed_batches,max_buffer_occupancy,buffer_capacity,batches_drafted,batches_verified,peak_memory_MB,model_memory_MB,memory_bandwidth_GB_per_s,peak_memory_bandwidth_GB_per_s,cpu_ram_delta_MB,gpu_utilization_pct,acceptance_rate,rollback_rate
Llama2 1.1b -> 7b - Multi-Token Pipeline,The first digits of pi are 3.1415926535897932384626433832795028841971693993751058209749445923078164062862089986280348253421170679821480865132823066470938446095505822317253594081284811174502841027019385211055596446229489549303819644288109756659334461284756482337867831652712019091456485669234603486104543266482133936072602491412737245870066063155881748815209209628292540917153643678925903600113305305488204665213841469519415116,0.8775756633764531,400,455.80115389823914,1.139502884745598,4.429260730743408,0.03962135314941406,287,7268,113,455.80115389823914,60.92058825492859,455.80115389823914,455.80115389823914,60.92058825492859,111,112,106,2,2,219,113,15966.079488,15676.928,38.42286288496309,340.1406100689749,-2488.717312,123.97866662383461,0.03948816730875069,0.9911504424778761
Llama2 1.1b -> 7b - Multi-Token Pipeline with Adaptive K,The first digits of pi are 3.14159265358979323846264338327950288419716939937510582097494459230781640628620899862803482534211706798214808651328230664709384460955058223172535940812848111745028410270193852110555964462294895493038196442881097566593344612847564823378678316527120190914564856692346034861045432664821339360726024914127372458700660631558817488152092096,5.310546107760934,401,75.5101249217987,0.18830455092717882,2.8522727489471436,0.04062366485595703,276,667,125,75.5101249217987,28.291296243667603,75.5101249217987,75.5101249217987,28.291296243667603,76,57,57,2,2,183,125,15900.21888,15676.928,41.74365294085273,331.748287107675,-2141.220864,123.46725050762326,0.41379310344827586,0.456
