Scenario,Output,tokens_per_second,total_tokens,total_time,mean_time_per_token,max_time_per_token,min_time_per_token,accepted_tokens,total_draft_tokens,verification_rounds,total_draft_time,total_target_time
Llama2 1.1b - Baseline,The first digits of pi are 3 and 1. The second digit of pi is 1. The third digit of pi is 1. The fourth digit of pi is 1. The fifth digit of pi is 1. The sixth digit of pi is 1. The seventh digit of pi is 1. The eighth digit of pi is 1. The ninth digit of pi is 1. The tenth digit of pi is 1. The eleventh digit of pi is 1,26.392833700891195,100,3.788907289505005,0.03788907289505005,0.05149698257446289,0.03399991989135742
Llama2 7b - Baseline,The first digits of pi are 3.14159265358979323846264338327950288419716939937510582097494459230781640628620899862803482534211706,25.381806932640334,100,3.9398298263549805,0.039398298263549805,0.14903759956359863,0.03250932693481445
Llama2 1.1b -> 7b - Speculative,The first digits of pi are 3.14159265358979323846264338327950288419716939937510582097494459230781640628620899862803482534211706,13.109027890076423,100,7.628330707550049,0.07628330707550049,0.3030993938446045,0.03400087356567383,91,159,17,5.960469961166382,1.667860746383667
Llama2 1.1b -> 7b - Speculative with Adaptive K,The first digits of pi are 3.14159265358979323846264338327950288419716939937510582097494459230781640628620899862803482534211706,16.81675488140697,100,5.946450471878052,0.059464504718780516,0.25197291374206543,0.0340268611907959,97,127,10,4.757422208786011,1.189028263092041
Llama2 1.1b -> 7b - Speculative with KV Cache,The first digits of pi are 3.14159265358979323846264338327950288419716939937510582097494459230781640628620899862803482534211706,14.973102667164591,100,6.678642511367798,0.06678642511367798,0.17569589614868164,0.029000520706176758,85,143,15,4.822194576263428,1.8564479351043701
Llama2 1.1b -> 7b - Speculative with Full Decoder,The first digits of pi are 3.14159265358979323846264338327950288419716939937510582097494459230781640628620899862803482534211706,13.510466309226812,100,7.401669025421143,0.07401669025421143,0.15657949447631836,0.03151082992553711,89,139,11,5.316083669662476,2.085585355758667
