Scenario,Output,tokens_per_second,total_tokens,total_time,mean_time_per_token,max_time_per_token,min_time_per_token,accepted_tokens,total_draft_tokens,verification_rounds,total_draft_time,total_target_time
Llama2 1.1b - Baseline,The first digits of pi are 3 and 1. The second digit of pi is 1. The third digit of pi is 1. The fourth digit of pi is 1. The fifth digit of pi is 1. The sixth digit of pi is 1. The seventh digit of pi is 1. The eighth digit of pi is 1. The ninth digit of pi is 1. The tenth digit of pi is 1. The eleventh digit of pi is 1,26.498681163861047,100,3.773772716522217,0.03773772716522217,0.05509495735168457,0.034528493881225586
Llama2 7b - Baseline,The first digits of pi are 3.14159265358979323846264338327950288419716939937510582097494459230781640628620899862803482534211706,6.300533651371555,100,15.871671438217163,0.15871671438217164,0.3112773895263672,0.03803372383117676
Llama2 1.1b -> 7b - Speculative,The first digits of pi are 3.14159265358979323846264338327950288419716939937510582097494459230781640628620899862803482534211706,13.146916835760834,100,7.606346130371094,0.07606346130371094,0.16594576835632324,0.035063982009887695,95,126,14,4.83735466003418,2.768991470336914
Llama2 1.1b -> 7b - Speculative with Adaptive K,The first digits of pi are 3.14159265358979323846264338327950288419716939937510582097494459230781640628620899862803482534211706,12.16167957961333,100,8.222548484802246,0.08222548484802246,0.16884088516235352,0.03553009033203125,94,155,13,5.999541282653809,2.2230072021484375
Llama2 1.1b -> 7b - Speculative with KV Cache,The first digits of pi are 3.14159265358979323846264338327950288419716939937510582097494459230781640628620899862803482534211706,12.63509976336059,100,7.9144606590271,0.07914460659027099,0.19771313667297363,0.030545473098754883,84,152,16,5.221825838088989,2.6926348209381104
Llama2 1.1b -> 7b - Speculative with Full Decoder,The first digits of pi are 3.14159265358979323846264338327950288419716939937510582097494459230781640628620899862803482534211706,12.958381092144899,100,7.717013359069824,0.07717013359069824,0.12674379348754883,0.031042098999023438,87,154,13,5.186869859695435,2.5301434993743896
