Scenario,Output,tokens_per_second,total_tokens,total_time,mean_time_per_token,max_time_per_token,min_time_per_token,accepted_tokens,total_draft_tokens,verification_rounds,total_draft_time,total_target_time
Llama2 1.1b - Baseline,The first digits of pi are 3 and 1. The second digit of pi is 1. The third digit of pi is 1. The fourth digit of pi is 1. The fifth digit of pi is 1. The sixth digit of pi is 1.,23.106930838597393,50,2.1638529300689697,0.0432770586013794,0.053568124771118164,0.03903698921203613
Llama2 7b - Baseline,The first digits of pi are 3.141592653589793238462643383279502884197169399375,6.20876371128434,50,8.053133010864258,0.16106266021728516,0.2858316898345947,0.03656196594238281
Llama2 1.1b -> 7b - Speculative,The first digits of pi are 3.141592653589793238462643383279502884197169399375,9.669361319732966,50,5.1709723472595215,0.10341944694519042,0.3205094337463379,0.03602099418640137,44,62,14,2.746438980102539,2.4245333671569824
Llama2 1.1b -> 7b - Speculative with Adaptive K,The first digits of pi are 3.141592653589793238462643383279502884197169399375,10.92678128274345,50,4.575912952423096,0.09151825904846192,0.07409071922302246,0.03554654121398926,44,76,14,3.041738748550415,1.5341742038726807
Llama2 1.1b -> 7b - Speculative with KV Cache,The first digits of pi are 3.141592653589793238462643383279502884197169399375,17.60888652814619,50,2.839475393295288,0.05678950786590576,0.3547544479370117,0.030025005340576172,37,58,13,2.252863645553589,0.5866117477416992
Llama2 1.1b -> 7b - Speculative with Full Decoder,The first digits of pi are 3.141592653589793238462643383279502884197169399375,16.980890231319318,50,2.944486379623413,0.058889727592468265,0.26197075843811035,0.03002762794494629,38,68,12,2.4191317558288574,0.5253546237945557
