Scenario,Output,tokens_per_second,total_tokens,total_time,mean_time_per_token,max_time_per_token,min_time_per_token,accepted_tokens,total_draft_tokens,verification_rounds,total_draft_time,total_target_time,pipeline_total_time,draft_stage_busy_time,verify_stage_busy_time,pipeline_bubbles,rollback_events,flushed_batches,max_buffer_occupancy,buffer_capacity,batches_drafted,batches_verified,peak_memory_MB,model_memory_MB,memory_bandwidth_GB_per_s,peak_memory_bandwidth_GB_per_s,cpu_ram_delta_MB,gpu_utilization_pct,acceptance_rate,rollback_rate
Llama2 1.1b -> 7b - Multi-Token Pipeline,The first digits of pi are 3.1415926535897932384626433832795028841971693,13.982453526046516,50,3.5759103298187256,0.0715182065963745,0.3298068046569824,0.03357505798339844,37,104,13,3.5759103298187256,1.255328893661499,3.5759103298187256,3.5759103298187256,1.255328893661499,11,7,7,2,2,21,13,15720.60672,15676.928,112.98070494639067,401.3941312823278,0.012288,122.07253891778282,0.3557692307692308,0.5384615384615384
Llama2 1.1b -> 7b - Multi-Token Pipeline with Adaptive K,The first digits of pi are 3.1415926535897932384626433832795028841971693,17.11640521899199,52,3.0380210876464844,0.058423482454740085,0.33066487312316895,0.03412818908691406,37,85,15,3.0380210876464844,1.1203038692474365,3.0380210876464844,3.0380210876464844,1.1203038692474365,12,7,7,2,2,23,15,15720.60672,15676.928,128.09677172500398,394.8885537899076,0.008192,122.07253891778282,0.43529411764705883,0.4666666666666667
