Scenario,Output,tokens_per_second,total_tokens,total_time,mean_time_per_token,max_time_per_token,min_time_per_token,accepted_tokens,total_draft_tokens,verification_rounds,total_draft_time,total_target_time,acceptance_rate,rollback_rate
Llama2 1.1b -> 7b - Multi-Token Pipeline,The first digits of pi are 3.141592653589793238462643383279502884197169399375105820974944592307816406286208998628034825342117067982,8.969024814876247,104,11.595463514328003,0.11149484148392311,0.6803171634674072,0.037572622299194336,92,280,18,11.59296703338623,3.2605679035186768,11.595463514328003,11.59296703338623,3.2605679035186768,18,12,12,2,2,30,18,0.32857142857142857,0.0
Llama2 1.1b -> 7b - Multi-Token Pipeline with Adaptive K,The first digits of pi are 3.141592653589793238462643383279502884197169399375105820974944592307816406286208998628034825342117067982148086513282306,12.172680197780315,119,9.775990009307861,0.08215117654880556,1.6872882843017578,0.03404355049133301,114,218,12,9.617861986160278,1.9474289417266846,9.775990009307861,9.617861986160278,1.9474289417266846,12,5,5,2,2,18,12,0.5229357798165137,0.0
