Scenario,Output,tokens_per_second,total_tokens,total_time,mean_time_per_token,max_time_per_token,min_time_per_token,accepted_tokens,total_draft_tokens,verification_rounds,total_draft_time,total_target_time,pipeline_total_time,draft_stage_busy_time,verify_stage_busy_time,pipeline_bubbles,rollback_events,flushed_batches,max_buffer_occupancy,buffer_capacity,batches_drafted,batches_verified,peak_memory_MB,model_memory_MB,memory_bandwidth_GB_per_s,peak_memory_bandwidth_GB_per_s,cpu_ram_delta_MB,gpu_utilization_pct,acceptance_rate,rollback_rate
Llama2 1.1b -> 7b - Multi-Token Pipeline,The first digits of pi are 3.1415926535897932384626433832795028841971693993751058209749445923078164062862089986280348253421170679821480865132823066470938446095505822317253594081284811174502841027019385211055596446229489549,10.279446296768192,202,19.650863885879517,0.09728150438554216,0.9274420738220215,0.11467194557189941,186,483,16,19.650863885879517,3.6451377868652344,19.650863885879517,19.650863885879517,3.6451377868652344,16,9,9,2,2,25,16,15836.31104,15676.928,65.04935590004918,117.52509443166302,-1888.813056,122.97099788681145,0.38509316770186336,0.5625
Llama2 1.1b -> 7b - Multi-Token Pipeline with Adaptive K,The first digits of pi are 3.14159265358979323846264338327950288419716939937510582097494459230781640628620899862803482534211706798214808651328230664709384460955058223172535940812848111745028410270193,13.617692836783187,201,14.760209560394287,0.07343387840992183,0.7506520748138428,0.04004955291748047,161,271,40,14.760209560394287,8.078269958496094,14.760209560394287,14.760209560394287,8.078269958496094,22,10,10,2,2,51,40,15801.709568,15676.928,76.91621645090471,221.48009021155372,0.892928,122.70231299362861,0.5940959409594095,0.25
