Scenario,Output,tokens_per_second,total_tokens,total_time,mean_time_per_token,max_time_per_token,min_time_per_token,accepted_tokens,total_draft_tokens,verification_rounds,total_draft_time,total_target_time,pipeline_total_time,draft_stage_busy_time,verify_stage_busy_time,pipeline_bubbles,rollback_events,flushed_batches,max_buffer_occupancy,buffer_capacity,batches_drafted,batches_verified,peak_memory_MB,model_memory_MB,memory_bandwidth_GB_per_s,peak_memory_bandwidth_GB_per_s,cpu_ram_delta_MB,gpu_utilization_pct,acceptance_rate,rollback_rate
Llama2 1.1b -> 7b - Multi-Token Pipeline,The first digits of pi are 3.1415926535897932384626433832795028841971693993751058209749445923078164062862089986280348253421170679821480865132823066470938446095505822317253594081284811174502841027019385211055596446229489549,10.472137104232193,201,19.193789958953857,0.09549149233310376,0.953101396560669,0.09624361991882324,184,485,17,19.193789958953857,4.226661920547485,19.193789958953857,19.193789958953857,4.226661920547485,17,11,9,2,2,26,17,15834.586112,15676.928,67.5298138718741,140.02830778151366,0.032768,122.95760359840003,0.37938144329896906,0.6470588235294118
Llama2 1.1b -> 7b - Multi-Token Pipeline with Adaptive K,The first digits of pi are 3.14159265358979323846264338327950288419716939937510582097494459230781640628620899862803482534211706798214808651328230664709384460955058223172535940812848111745028410270,13.618591598269061,202,14.832664489746094,0.07342903212745591,0.9014601707458496,0.036592960357666016,160,261,42,14.609426021575928,10.4656503200531,14.832664489746094,14.609426021575928,10.4656503200531,13,9,9,2,2,51,42,15800.593408,15676.928,76.8743989982557,194.88003014498122,0.073728,122.6936458672597,0.6130268199233716,0.21428571428571427
