Scenario,Output,tokens_per_second,total_tokens,total_time,mean_time_per_token,max_time_per_token,min_time_per_token,accepted_tokens,total_draft_tokens,verification_rounds,total_draft_time,total_target_time,pipeline_total_time,draft_stage_busy_time,verify_stage_busy_time,pipeline_bubbles,rollback_events,flushed_batches,max_buffer_occupancy,buffer_capacity,batches_drafted,batches_verified,peak_memory_MB,model_memory_MB,memory_bandwidth_GB_per_s,peak_memory_bandwidth_GB_per_s,cpu_ram_delta_MB,gpu_utilization_pct,acceptance_rate,rollback_rate
Llama2 1.1b -> 7b - Multi-Token Pipeline,The first digits of pi are 3.14159265358979323846264338327950288419716939937,12.041222388912145,53,4.401546478271484,0.08304804675983933,0.3661167621612549,0.03354287147521973,38,128,15,4.401546478271484,1.3512296676635742,4.401546478271484,4.401546478271484,1.3512296676635742,14,10,10,2,2,26,15,15722.836992,15676.928,109.9079283093195,401.77929435636423,0.012288,122.08985726753654,0.296875,0.6666666666666666
Llama2 1.1b -> 7b - Multi-Token Pipeline with Adaptive K,The first digits of pi are 3.1415926535897932384626433832795028841,17.14958940624169,51,2.973832130432129,0.05831043393004174,0.4104650020599365,0.0340421199798584,32,81,19,2.973832130432129,1.7273664474487305,2.973832130432129,2.973832130432129,1.7273664474487305,6,6,6,2,2,26,19,15716.236288,15676.928,146.02963871834163,395.88695533573696,0.0,122.03860194957863,0.3950617283950617,0.3157894736842105
