Scenario,Output,tokens_per_second,total_tokens,total_time,mean_time_per_token,max_time_per_token,min_time_per_token,accepted_tokens,total_draft_tokens,verification_rounds,total_draft_time,total_target_time,pipeline_total_time,draft_stage_busy_time,verify_stage_busy_time,pipeline_bubbles,rollback_events,flushed_batches,max_buffer_occupancy,buffer_capacity,batches_drafted,batches_verified,peak_memory_MB,model_memory_MB,memory_bandwidth_GB_per_s,peak_memory_bandwidth_GB_per_s,cpu_ram_delta_MB,gpu_utilization_pct,acceptance_rate,rollback_rate
Llama2 1.1b -> 7b - Multi-Token Pipeline,The first digits of pi are 3.1415926535897932384626433832795028841971693993751058209749445923078164062862089986280348253421170679821480865132823066470938446095505822317253594081284811174502841027019385211055596446229489549303819644288109756659334461284756482337867831652712019091456485669234603486104543266482133936072602491412737245870066063155881748815209209628292540917153643678925903600113305305488204665213841469519415116,0.9484767803181697,400,421.7288269996643,1.0543220674991607,5.425919532775879,0.04222822189331055,290,7183,110,421.38468742370605,75.55116057395935,421.7288269996643,421.38468742370605,75.55116057395935,108,109,104,2,2,214,110,15966.21056,15676.928,40.98782301186577,319.1427587467255,-1318.817792,123.97968441482105,0.040373103160239454,0.990909090909091
Llama2 1.1b -> 7b - Multi-Token Pipeline with Adaptive K,The first digits of pi are 3.1415926535897932384626433832795028841971693993751058209749445923078164062862089986280348253421170679821480865132823066470938446095505822317253594081284811174502841027019385211055596446229489549303819644288109756659334461284756482337867831652712019091456485669234603486104543266482133936072602491412737245870066063155881748815209209628,8.550983654737855,400,46.77824401855469,0.11694561004638672,2.537996530532837,0.03712630271911621,266,699,134,43.2440402507782,14.126299142837524,46.77824401855469,43.2440402507782,14.126299142837524,109,69,68,2,2,203,134,15901.466112,15676.928,71.48115744989678,362.9995513951575,-557.50656,123.47693542497862,0.3805436337625179,0.5149253731343284
