Scenario,Output,tokens_per_second,total_tokens,total_time,mean_time_per_token,max_time_per_token,min_time_per_token,accepted_tokens,total_draft_tokens,verification_rounds,total_draft_time,total_target_time,pipeline_total_time,draft_stage_busy_time,verify_stage_busy_time,pipeline_bubbles,rollback_events,flushed_batches,max_buffer_occupancy,buffer_capacity,batches_drafted,batches_verified,peak_memory_MB,model_memory_MB,memory_bandwidth_GB_per_s,peak_memory_bandwidth_GB_per_s,cpu_ram_delta_MB,gpu_utilization_pct,acceptance_rate,rollback_rate
Llama2 1.1b -> 7b - Multi-Token Pipeline,The first digits of pi are 3.1415926535897932384626433832795028841971693993,13.07617184788642,53,4.053174018859863,0.07647498148792195,0.47193384170532227,0.0347142219543457,39,109,14,4.053174018859863,0.7355589866638184,4.053174018859863,4.053174018859863,0.7355589866638184,14,8,8,2,2,23,14,15722.411008,15676.928,105.71620733928688,388.22218886898895,166.539264,122.08654944683059,0.3577981651376147,0.5714285714285714
Llama2 1.1b -> 7b - Multi-Token Pipeline with Adaptive K,The first digits of pi are 3.14159265358979323846264338327950288,15.32536979677915,51,3.327815294265747,0.06525128027972053,0.36159539222717285,0.03454136848449707,28,82,23,3.1390879154205322,2.5305497646331787,3.327815294265747,3.1390879154205322,2.5305497646331787,3,8,8,2,2,32,23,15716.860416,15676.928,147.35645159062136,390.1649478088484,0.016384,122.04344838400235,0.34146341463414637,0.34782608695652173
