Scenario,Output,tokens_per_second,total_tokens,total_time,mean_time_per_token,max_time_per_token,min_time_per_token,accepted_tokens,total_draft_tokens,verification_rounds,total_draft_time,total_target_time,pipeline_total_time,draft_stage_busy_time,verify_stage_busy_time,pipeline_bubbles,rollback_events,flushed_batches,max_buffer_occupancy,buffer_capacity,batches_drafted,batches_verified,peak_memory_MB,model_memory_MB,memory_bandwidth_GB_per_s,peak_memory_bandwidth_GB_per_s,cpu_ram_delta_MB,gpu_utilization_pct,acceptance_rate,rollback_rate
Llama2 1.1b -> 7b - Multi-Token Pipeline,The first digits of pi are 3.14159265358979323846264338327950288419716939937,16.795262820924467,54,3.2151923179626465,0.05954059848078975,0.330700159072876,0.032511234283447266,42,92,12,3.2151923179626465,0.9787840843200684,3.2151923179626465,3.2151923179626465,0.9787840843200684,10,6,6,2,2,19,12,15722.836992,15676.928,113.25321829293772,414.52844006176593,0.0,122.08985726753654,0.45652173913043476,0.5
Llama2 1.1b -> 7b - Multi-Token Pipeline with Adaptive K,The first digits of pi are 3.1415926535897932384626433832795028,15.133214399644697,53,3.502230167388916,0.06607981447903614,0.4935014247894287,0.032547712326049805,25,79,28,3.0610246658325195,2.643280267715454,3.502230167388916,3.0610246658325195,2.643280267715454,3,10,10,2,2,39,28,15714.365952,15676.928,157.37369984992048,414.06385484161103,0.012288,122.0240785492916,0.31645569620253167,0.35714285714285715
