Scenario,Output,tokens_per_second,total_tokens,total_time,mean_time_per_token,max_time_per_token,min_time_per_token,accepted_tokens,total_draft_tokens,verification_rounds,total_draft_time,total_target_time,pipeline_total_time,draft_stage_busy_time,verify_stage_busy_time,pipeline_bubbles,rollback_events,flushed_batches,max_buffer_occupancy,buffer_capacity,batches_drafted,batches_verified,peak_memory_MB,model_memory_MB,memory_bandwidth_GB_per_s,peak_memory_bandwidth_GB_per_s,cpu_ram_delta_MB,gpu_utilization_pct,acceptance_rate,rollback_rate
Llama2 1.1b -> 7b - Multi-Token Pipeline,The first digits of pi are 3.1415926535897932384626433832795028841971693993751058209749445923078164062862089986280348253421170679821480865132823066470938446095505822317253594081284811174502841027019385211055596446229489549,9.089352149312365,200,22.00376844406128,0.11001884222030639,0.9018959999084473,0.10221242904663086,182,561,18,22.00376844406128,4.835656642913818,22.00376844406128,22.00376844406128,4.835656642913818,18,13,12,2,2,30,18,15836.31104,15676.928,67.11746911800428,131.8511981145822,0.012288,122.97099788681145,0.3244206773618538,0.7222222222222222
Llama2 1.1b -> 7b - Multi-Token Pipeline with Adaptive K,The first digits of pi are 3.14159265358979323846264338327950288419716939937510582097494459230781640628620899862803482534211706798214808651328230664709384460955058223172535940812848111745028410270,13.951418369119631,202,14.478814601898193,0.071677300009397,0.8362011909484863,0.03510260581970215,160,274,42,13.953781843185425,9.432937145233154,14.478814601898193,13.953781843185425,9.432937145233154,21,9,9,2,2,51,42,15799.477248,15676.928,80.72853049881319,205.22643390638171,0.04096,122.68497874089076,0.583941605839416,0.21428571428571427
