Scenario,Output,tokens_per_second,total_tokens,total_time,mean_time_per_token,max_time_per_token,min_time_per_token,accepted_tokens,total_draft_tokens,verification_rounds,total_draft_time,total_target_time,pipeline_total_time,draft_stage_busy_time,verify_stage_busy_time,pipeline_bubbles,rollback_events,flushed_batches,max_buffer_occupancy,buffer_capacity,batches_drafted,batches_verified,peak_memory_MB,model_memory_MB,memory_bandwidth_GB_per_s,peak_memory_bandwidth_GB_per_s,cpu_ram_delta_MB,gpu_utilization_pct,acceptance_rate,rollback_rate
Llama2 1.1b -> 7b - Multi-Token Pipeline,The first digits of pi are 3.1415926535897932384626433832795028841971693993751058209749445923078164062862089986280348253421170679821480865132823066470938446095505822317253594081284811174502841027019385211055596446229489549,8.614466652358871,200,23.21675944328308,0.1160837972164154,0.9899070262908936,0.07962751388549805,183,534,17,23.21675944328308,4.989870071411133,23.21675944328308,23.21675944328308,4.989870071411133,17,12,12,2,2,29,17,15834.215936,15676.928,60.47173846486935,169.24842399800747,0.065536,122.95472913401252,0.34269662921348315,0.7058823529411765
Llama2 1.1b -> 7b - Multi-Token Pipeline with Adaptive K,The first digits of pi are 3.1415926535897932384626433832795028841971693993751058209749445923078164062862089986280348253421170679821480865132823066470938446095505822317253594081284811174502841027019,13.470807719632877,201,14.921154260635376,0.07423459831161879,0.8732976913452148,0.03708910942077637,160,260,41,14.720087766647339,9.12541151046753,14.921154260635376,14.720087766647339,9.12541151046753,20,10,10,2,2,52,41,15799.477248,15676.928,75.36784490988252,216.8186660211216,0.008192,122.68497874089076,0.6153846153846154,0.24390243902439024
