Scenario,Output,tokens_per_second,total_tokens,total_time,mean_time_per_token,max_time_per_token,min_time_per_token,accepted_tokens,total_draft_tokens,verification_rounds,total_draft_time,total_target_time,pipeline_total_time,draft_stage_busy_time,verify_stage_busy_time,pipeline_bubbles,rollback_events,flushed_batches,max_buffer_occupancy,buffer_capacity,batches_drafted,batches_verified,peak_memory_MB,model_memory_MB,memory_bandwidth_GB_per_s,peak_memory_bandwidth_GB_per_s,cpu_ram_delta_MB,gpu_utilization_pct,acceptance_rate,rollback_rate
Llama2 1.1b -> 7b - Multi-Token Pipeline,The first digits of pi are 3.141592653589793238462643383279502884197169399375105820974944592307816406286208998628034825342117067982,11.9869174077858,109,9.093246936798096,0.08342428382383574,0.5462150573730469,0.09315633773803711,94,231,15,9.093246936798096,2.7010557651519775,9.093246936798096,9.093246936798096,2.7010557651519775,15,9,8,2,2,24,15,15756.774912,15676.928,78.12114053708261,144.66896787954354,0.032768,122.35338959385051,0.4069264069264069,0.6
Llama2 1.1b -> 7b - Multi-Token Pipeline with Adaptive K,The first digits of pi are 3.1415926535897932384626433832795028841971693993751058209749445923078164062862089986,17.233916115620534,103,5.9765870571136475,0.0580251170593558,0.6528894901275635,0.03808116912841797,76,129,27,5.9765870571136475,4.1321680545806885,5.9765870571136475,5.9765870571136475,4.1321680545806885,10,7,7,2,2,35,27,15744.358912,15676.928,108.37070055979342,191.87869033681338,0.012288,122.25697775236127,0.5891472868217055,0.25925925925925924
