Scenario,Output,tokens_per_second,total_tokens,total_time,mean_time_per_token,max_time_per_token,min_time_per_token,accepted_tokens,total_draft_tokens,verification_rounds,total_draft_time,total_target_time,acceptance_rate,rollback_rate
Llama2 1.1b -> 7b - Multi-Token Pipeline,The first digits of pi are 3.14159265358979323846264338327950288419716939937510582097494459230781640628620899862803482534211706798,10.025704510887289,103,10.273592233657837,0.09974361391900813,0.5734491348266602,0.03402972221374512,95,247,16,10.08928894996643,2.9861907958984375,10.273592233657837,10.08928894996643,2.9861907958984375,16,8,8,2,2,25,16,0.38461538461538464,0.0
Llama2 1.1b -> 7b - Multi-Token Pipeline with Adaptive K,The first digits of pi are 3.14159265358979323846264338327950288419716939937510582097494459230781640628620899862803482534211706798,8.09836708395654,103,12.718613386154175,0.12348168336072014,1.9594802856445312,0.0915994644165039,98,209,11,12.718613386154175,1.9724984169006348,12.718613386154175,12.718613386154175,1.9724984169006348,11,5,5,2,2,17,11,0.4688995215311005,0.0
