Scenario,Output,tokens_per_second,total_tokens,total_time,mean_time_per_token,max_time_per_token,min_time_per_token,accepted_tokens,total_draft_tokens,verification_rounds,total_draft_time,total_target_time
Llama2 1.1b - Baseline,The first digits of pi are 3 and 1. The second digit of pi is 1. The third digit of pi is 1. The fourth digit of pi is 1. The fifth digit of pi is 1. The sixth digit of pi is 1.,18.77899866747723,50,2.662548780441284,0.05325097560882568,0.7233500480651855,0.03450441360473633
Llama2 7b - Baseline,The first digits of pi are 3.141592653589793238462643383279502884197169399375,7.67559889854172,50,6.5141496658325195,0.1302829933166504,0.2841508388519287,0.03304100036621094
Llama2 1.1b -> 7b - Speculative,The first digits of pi are 3.141592653589793238462643383279502884197169399375,9.708504867140617,50,5.150123596191406,0.10300247192382812,0.27599525451660156,0.034006595611572266,44,63,14,2.6666433811187744,2.483480215072632
Llama2 1.1b -> 7b - Speculative with Adaptive K,The first digits of pi are 3.141592653589793238462643383279502884197169399375,11.126481201615318,50,4.493783712387085,0.0898756742477417,0.22356772422790527,0.034011125564575195,45,70,12,2.7253224849700928,1.7684612274169922
Llama2 1.1b -> 7b - Speculative with KV Cache,The first digits of pi are 3.141592653589793238462643383279502884197169399375,11.619289681250635,50,4.303189039230347,0.08606378078460693,0.17352628707885742,0.03000330924987793,37,63,13,2.2683656215667725,2.034823417663574
Llama2 1.1b -> 7b - Speculative with Full Decoder,The first digits of pi are 3.141592653589793238462643383279502884197169399375,13.452786962686073,50,3.7167019844055176,0.07433403968811035,0.22208952903747559,0.029508352279663086,38,64,12,2.2466444969177246,1.470057487487793
