Scenario,Output,tokens_per_second,total_tokens,total_time,mean_time_per_token,max_time_per_token,min_time_per_token,accepted_tokens,total_draft_tokens,verification_rounds,total_draft_time,total_target_time
Llama2 1.1b - Baseline,The first digits of pi are 3 and 1. The second digit of pi is 1. The third digit of pi is 1. The fourth digit of pi is 1. The fifth digit of pi is 1. The sixth digit of pi is 1.,24.137725843162194,50,2.071446180343628,0.04142892360687256,0.048544883728027344,0.039018869400024414
Llama2 7b - Baseline,The first digits of pi are 3.141592653589793238462643383279502884197169399375,11.199949414290975,50,4.464305877685547,0.08928611755371094,0.3174560070037842,0.033041954040527344
Llama2 1.1b -> 7b - Speculative,The first digits of pi are 3.141592653589793238462643383279502884197169399375,11.376780951538805,50,4.394916296005249,0.08789832592010498,0.18988800048828125,0.035037994384765625,43,66,14,2.590757131576538,1.804159164428711
Llama2 1.1b -> 7b - Speculative with Adaptive K,The first digits of pi are 3.141592653589793238462643383279502884197169399375,12.04883347937966,50,4.149779319763184,0.08299558639526367,0.07912087440490723,0.034539222717285156,45,67,12,2.496478319168091,1.6533010005950928
Llama2 1.1b -> 7b - Speculative with KV Cache,The first digits of pi are 3.141592653589793238462643383279502884197169399375,12.037224643331948,50,4.153781414031982,0.08307562828063965,0.23185396194458008,0.03056049346923828,36,69,14,2.4885194301605225,1.66526198387146
Llama2 1.1b -> 7b - Speculative with Full Decoder,The first digits of pi are 3.141592653589793238462643383279502884197169399375,12.260676889977608,50,4.078078269958496,0.08156156539916992,0.22226667404174805,0.030520915985107422,41,52,9,2.043766975402832,2.034311294555664
