Scenario,Output,tokens_per_second,total_tokens,total_time,mean_time_per_token,max_time_per_token,min_time_per_token,accepted_tokens,total_draft_tokens,verification_rounds,total_draft_time,total_target_time
Llama2 1.1b - Baseline,The first digits of pi are 3 and 1. The second digit of pi is 1. The third digit of pi is 1. The fourth digit of pi is 1. The fifth digit of pi is 1. The sixth digit of pi is 1.,26.24697577781224,50,1.9049813747406006,0.038099627494812015,0.05501127243041992,0.03400063514709473
Llama2 7b - Baseline,The first digits of pi are 3.141592653589793238462643383279502884197169399375,7.374977779082851,50,6.779681444168091,0.13559362888336182,0.24664783477783203,0.032500267028808594
Llama2 1.1b -> 7b - Speculative,The first digits of pi are 3.141592653589793238462643383279502884197169399375,10.9803604543414,50,4.553584575653076,0.09107169151306152,0.29900288581848145,0.03403186798095703,44,66,14,2.6518959999084473,1.901688575744629
Llama2 1.1b -> 7b - Speculative with Adaptive K,The first digits of pi are 3.141592653589793238462643383279502884197169399375,9.559365694310634,50,5.230472564697266,0.10460945129394532,0.20703363418579102,0.03452444076538086,41,73,15,2.838409185409546,2.3920633792877197
Llama2 1.1b -> 7b - Speculative with KV Cache,The first digits of pi are 3.141592653589793238462643383279502884197169399375,11.068544315883175,50,4.517305850982666,0.09034611701965332,0.20906591415405273,0.030016183853149414,36,69,14,2.430664300918579,2.086641550064087
Llama2 1.1b -> 7b - Speculative with Full Decoder,The first digits of pi are 3.141592653589793238462643383279502884197169399375,13.658967657492049,50,3.6605987548828125,0.07321197509765626,0.20855975151062012,0.029999494552612305,39,56,11,1.9395763874053955,1.721022367477417
