Scenario,Output,tokens_per_second,total_tokens,total_time,mean_time_per_token,max_time_per_token,min_time_per_token,accepted_tokens,total_draft_tokens,verification_rounds,total_draft_time,total_target_time
Llama2 1.1b - Baseline,The first digits of pi are 3 and 1. The second digit of pi is 1. The third digit of pi is 1. The fourth digit of pi is 1. The fifth digit of pi is 1. The sixth digit of pi is 1.,23.449931539437365,50,2.132202386856079,0.04264404773712158,0.06107354164123535,0.035501718521118164
Llama2 7b - Baseline,The first digits of pi are 3.141592653589793238462643383279502884197169399375,7.017461202978052,50,7.125083923339844,0.14250167846679687,0.28867244720458984,0.03800511360168457
Llama2 1.1b -> 7b - Speculative,The first digits of pi are 3.141592653589793238462643383279502884197169399375,9.955780454540298,50,5.022207975387573,0.10044415950775147,0.29612135887145996,0.0345001220703125,45,66,14,2.646197557449341,2.3760104179382324
Llama2 1.1b -> 7b - Speculative with Adaptive K,The first digits of pi are 3.141592653589793238462643383279502884197169399375,11.536661617932252,50,4.334009408950806,0.08668018817901611,0.21206331253051758,0.034996747970581055,44,61,13,2.38765811920166,1.9463512897491455
Llama2 1.1b -> 7b - Speculative with KV Cache,The first digits of pi are 3.141592653589793238462643383279502884197169399375,12.785556940438621,50,3.9106626510620117,0.07821325302124023,0.3797788619995117,0.030019760131835938,39,51,11,2.0341968536376953,1.8764657974243164
Llama2 1.1b -> 7b - Speculative with Full Decoder,The first digits of pi are 3.141592653589793238462643383279502884197169399375,14.909620266627536,50,3.35353946685791,0.06707078933715821,0.20519208908081055,0.029506921768188477,39,61,11,2.130526304244995,1.223013162612915
