Scenario,Output,tokens_per_second,total_tokens,total_time,mean_time_per_token,max_time_per_token,min_time_per_token,accepted_tokens,total_draft_tokens,verification_rounds,total_draft_time,total_target_time,acceptance_rate,rollback_rate
Llama2 1.1b -> 7b - Multi-Token Pipeline,The first digits of pi are 3.141592653589793238462643383279502884197169399375105820974944592307816406286208998628034825342117067982148086513282306647093844609550582231725359408128481117450284102701938521105559644622948954930381964,9.315281054372662,203,21.792149782180786,0.10735049153783638,3.0110251903533936,0.0350339412689209,196,397,14,21.14752507209778,4.276981592178345,21.792149782180786,21.14752507209778,4.276981592178345,14,7,7,2,2,21,14,0.49370277078085645,0.0
Llama2 1.1b -> 7b - Multi-Token Pipeline with Adaptive K,The first digits of pi are 3.141592653589793238462643383279502884197169399375105820974944592307816406286208998628034825342117067982148086513282306647093844609550582231725359408128481117450284102701938521105559644622948954930381,2.6761442778106024,200,74.73438620567322,0.3736719310283661,6.31506085395813,0.03554368019104004,187,618,19,74.73438620567322,4.086316347122192,74.73438620567322,74.73438620567322,4.086316347122192,19,13,12,2,2,32,19,0.30258899676375406,0.0
