Scenario,Output,tokens_per_second,total_tokens,total_time,mean_time_per_token,max_time_per_token,min_time_per_token,accepted_tokens,total_draft_tokens,verification_rounds,total_draft_time,total_target_time,acceptance_rate,rollback_rate
Llama2 1.1b -> 7b - Multi-Token Pipeline,The first digits of pi are 3.141592653589793238462643383279502884197169399375105820974944592307816406286208998628034825342117067982148086513282306647093844609550582231725359408128481117450284102701938521105559644622948954930381,6.69924900057612,200,29.854092597961426,0.14927046298980712,3.246936798095703,0.03551650047302246,186,566,20,29.266247034072876,6.534826278686523,29.854092597961426,29.266247034072876,6.534826278686523,20,14,12,2,2,33,20,0.3286219081272085,0.0
Llama2 1.1b -> 7b - Multi-Token Pipeline with Adaptive K,The first digits of pi are 3.141592653589793238462643383279502884197169399375105820974944592307816406286208998628034825342117067982148086513282306647093844609550582231725359408128481117450284102701938521105559644622948954930381,2.276618879354952,200,87.84957456588745,0.4392478728294373,11.792336225509644,0.0355072021484375,189,592,18,87.84957456588745,7.924860954284668,87.84957456588745,87.84957456588745,7.924860954284668,18,11,9,2,2,28,18,0.31925675675675674,0.0
