Scenario,Output,tokens_per_second,total_tokens,total_time,mean_time_per_token,max_time_per_token,min_time_per_token,accepted_tokens,total_draft_tokens,verification_rounds,total_draft_time,total_target_time,acceptance_rate,rollback_rate
Llama2 1.1b -> 7b - Multi-Token Pipeline,The first digits of pi are 3.141592653589793238462643383279502884197169399375105820974944592307816406286208998628034825342117067982148086513282306647093844609550582231725359408128481117450284102701938521105559644622948954930381,6.997267718288899,200,28.582585096359253,0.14291292548179627,2.8302485942840576,0.03505373001098633,189,519,18,28.582585096359253,2.7721221446990967,28.582585096359253,28.582585096359253,2.7721221446990967,18,11,11,2,2,30,18,0.36416184971098264,0.0
Llama2 1.1b -> 7b - Multi-Token Pipeline with Adaptive K,The first digits of pi are 3.141592653589793238462643383279502884197169399375105820974944592307816406286208998628034825342117067982148086513282306647093844609550582231725359408128481117450284102701938521105559644622948954930381,3.770713151593128,200,53.040364503860474,0.26520182251930235,5.0086681842803955,0.03350019454956055,185,749,21,53.040364503860474,1.7791242599487305,53.040364503860474,53.040364503860474,1.7791242599487305,21,15,15,2,2,37,21,0.24699599465954605,0.0
