Scenario,Output,tokens_per_second,total_tokens,total_time,mean_time_per_token,max_time_per_token,min_time_per_token,accepted_tokens,total_draft_tokens,verification_rounds,total_draft_time,total_target_time,peak_memory_MB,model_memory_MB,memory_bandwidth_GB_per_s,peak_memory_bandwidth_GB_per_s
Llama2 1.1b - Baseline,The first digits of pi are 3 and 1. The second digit of pi is 1. The third digit of pi is 1. The fourth digit of pi is 1. The fifth digit of pi is 1. The sixth digit of pi is 1.,26.380328971690815,50,1.8953516483306885,0.03790703296661377,0.04366111755371094,0.03506731986999512,0,0,0,0.0,0.0,2216.29696,2200.096768,58.03927650939372,62.739233456004236
Llama2 7b - Baseline,The first digits of pi are 3.141592653589793238462643383279502884197169399375,6.477232217672599,50,7.719346523284912,0.15438693046569824,0.2571399211883545,0.03869485855102539,0,0,0,0.0,0.0,13520.900608,13476.831232,87.2925654480467,348.28480414855716
Llama2 1.1b -> 7b - Speculative,The first digits of pi are 3.141592653589793238462643383279502884197169399375,13.09025875075301,50,3.819634199142456,0.07639268398284912,0.054826974868774414,0.03557014465332031,48,52,12,2.0005035400390625,1.8191306591033936,15724.014592,15676.928,72.2914793207143,186.70641461423182
Llama2 1.1b -> 7b - Speculative with Adaptive K,The first digits of pi are 3.141592653589793238462643383279502884197169399375,11.480178830376639,50,4.355332851409912,0.08710665702819824,0.05812549591064453,0.03556394577026367,45,66,13,2.55108904838562,1.804243803024292,15724.014592,15676.928,73.56617820846417,315.53874960898133
Llama2 1.1b -> 7b - Speculative with KV Cache,The first digits of pi are 3.141592653589793238462643383279502884197169399375,11.692978794309875,50,4.2760703563690186,0.08552140712738038,0.13351655006408691,0.03152894973754883,36,64,14,2.23362398147583,2.0424463748931885,15724.847104,15676.928,77.05248111955204,336.0917504649764
Llama2 1.1b -> 7b - Speculative with Full Decoder,The first digits of pi are 3.141592653589793238462643383279502884197169399375,13.499371072745006,50,3.703876256942749,0.07407752513885497,0.18743491172790527,0.0315403938293457,41,53,9,1.9845755100250244,1.7193007469177246,15724.975104,15676.928,64.22909225060462,98.80255046005581
