Scenario,Output,tokens_per_second,total_tokens,total_time,mean_time_per_token,max_time_per_token,min_time_per_token,accepted_tokens,total_draft_tokens,verification_rounds,total_draft_time,total_target_time,peak_memory_MB,model_memory_MB,memory_bandwidth_GB_per_s,peak_memory_bandwidth_GB_per_s
Llama2 1.1b - Baseline,The first digits of pi are 3 and 1. The second digit of pi is 1. The third digit of pi is 1. The fourth digit of pi is 1. The fifth digit of pi is 1. The sixth digit of pi is 1.,25.988871818964007,50,1.9239003658294678,0.038478007316589354,0.04816031455993652,0.03557777404785156,0,0,0,0.0,0.0,2216.29696,2200.096768,57.17803289286899,61.83907866301313
Llama2 7b - Baseline,The first digits of pi are 3.141592653589793238462643383279502884197169399375,6.230403651577824,50,8.02516222000122,0.16050324440002442,0.23864960670471191,0.039658308029174805,0,0,0,0.0,0.0,13520.900608,13476.831232,83.96609851955085,339.8236561702459
Llama2 1.1b -> 7b - Speculative,The first digits of pi are 3.141592653589793238462643383279502884197169399375,12.169306949882452,50,4.108697414398193,0.08217394828796387,0.18619585037231445,0.035552263259887695,46,57,13,2.316602945327759,1.7920944690704346,15724.014592,15676.928,73.16292524696173,372.83034531143454
Llama2 1.1b -> 7b - Speculative with Adaptive K,The first digits of pi are 3.141592653589793238462643383279502884197169399375,11.252490647078629,50,4.443460702896118,0.08886921405792236,0.05763959884643555,0.036124467849731445,45,67,12,2.56844425201416,1.875016450881958,15724.014592,15676.928,69.56930170182872,197.5256915249765
Llama2 1.1b -> 7b - Speculative with KV Cache,The first digits of pi are 3.141592653589793238462643383279502884197169399375,13.200937381167915,50,3.787609815597534,0.07575219631195068,0.1973729133605957,0.0305478572845459,39,53,11,1.9460716247558594,1.8415381908416748,15724.847104,15676.928,69.92543718873459,106.82785008571135
Llama2 1.1b -> 7b - Speculative with Full Decoder,The first digits of pi are 3.141592653589793238462643383279502884197169399375,13.372073189992802,50,3.739135980606079,0.07478271961212159,0.056635141372680664,0.03108811378479004,38,63,12,2.150563955307007,1.5885720252990723,15724.847104,15676.928,80.32017897335727,335.85212139616254
