Scenario,Output,tokens_per_second,total_tokens,total_time,mean_time_per_token,max_time_per_token,min_time_per_token,accepted_tokens,total_draft_tokens,verification_rounds,total_draft_time,total_target_time,peak_memory_MB,model_memory_MB,memory_bandwidth_GB_per_s,peak_memory_bandwidth_GB_per_s
Llama2 1.1b - Baseline,The first digits of pi are 3 and 1. The second digit of pi is 1. The third digit of pi is 1. The fourth digit of pi is 1. The fifth digit of pi is 1. The sixth digit of pi is 1.,26.70690538048469,50,1.8721749782562256,0.037443499565124515,0.04121828079223633,0.034628868103027344,0,0,0,0.0,0.0,2216.29696,2200.096768,58.75777621088618,63.53360327730902
Llama2 7b - Baseline,The first digits of pi are 3.141592653589793238462643383279502884197169399375,5.929071952342877,50,8.43302297592163,0.16866045951843261,0.25729990005493164,0.03817248344421387,0,0,0,0.0,0.0,13520.900608,13476.831232,79.9051020641097,353.0509418307915
Llama2 1.1b -> 7b - Speculative,The first digits of pi are 3.141592653589793238462643383279502884197169399375,9.849108227185223,50,5.07660174369812,0.1015320348739624,0.1885089874267578,0.0361330509185791,43,64,14,2.597736120223999,2.478865623474121,15724.014592,15676.928,64.90204413001372,165.81429439130807
Llama2 1.1b -> 7b - Speculative with Adaptive K,The first digits of pi are 3.141592653589793238462643383279502884197169399375,9.58844327475236,50,5.214610815048218,0.10429221630096436,0.08819890022277832,0.03554391860961914,42,71,15,2.8006553649902344,2.4139554500579834,15724.014592,15676.928,68.72216388111917,362.4107348992289
Llama2 1.1b -> 7b - Speculative with KV Cache,The first digits of pi are 3.141592653589793238462643383279502884197169399375,14.81627281104376,50,3.3746678829193115,0.06749335765838622,0.046092987060546875,0.030617952346801758,40,46,10,1.5814993381500244,1.793168544769287,15724.719104,15676.928,69.92473684369436,105.18447620516363
Llama2 1.1b -> 7b - Speculative with Full Decoder,The first digits of pi are 3.1415926535897932384626433832795028841971693993751,11.213436150574816,51,4.548115253448486,0.08917873045977424,0.19553470611572266,0.03011918067932129,38,66,13,2.431241273880005,2.1168739795684814,15725.298688,15676.928,70.44790530782204,185.260448956143
