Scenario,Output,tokens_per_second,total_tokens,total_time,mean_time_per_token,max_time_per_token,min_time_per_token,accepted_tokens,total_draft_tokens,verification_rounds,total_draft_time,total_target_time,peak_memory_MB,model_memory_MB,memory_bandwidth_GB_per_s,peak_memory_bandwidth_GB_per_s
Llama2 1.1b - Baseline,The first digits of pi are 3 and 1. The second digit of pi is 1. The third digit of pi is 1. The fourth digit of pi is 1. The fifth digit of pi is 1. The sixth digit of pi is 1.,26.050946591976963,50,1.919316053390503,0.03838632106781006,0.04665207862854004,0.03462386131286621,0,0,0,0.0,0.0,2216.29696,2200.096768,57.314603400349135,63.54279056629784
Llama2 7b - Baseline,The first digits of pi are 3.141592653589793238462643383279502884197169399375,5.968990028439023,50,8.37662649154663,0.1675325298309326,0.2539241313934326,0.06995749473571777,0,0,0,0.0,0.0,13520.900608,13476.831232,80.4430712387636,192.64313684919904
Llama2 1.1b -> 7b - Speculative,The first digits of pi are 3.141592653589793238462643383279502884197169399375,10.000989535011538,50,4.999505281448364,0.09999010562896729,0.060183048248291016,0.03554868698120117,45,64,14,2.468348979949951,2.531156301498413,15724.014592,15676.928,65.90288675613692,159.86743351915416
Llama2 1.1b -> 7b - Speculative with Adaptive K,The first digits of pi are 3.141592653589793238462643383279502884197169399375,12.228585316451918,50,4.088780403137207,0.08177560806274414,0.1382451057434082,0.035153865814208984,45,58,12,2.307286500930786,1.781493902206421,15724.014592,15676.928,70.7613417208728,169.85413410730015
Llama2 1.1b -> 7b - Speculative with KV Cache,The first digits of pi are 3.141592653589793238462643383279502884197169399375,12.193275869587337,50,4.100620746612549,0.08201241493225098,0.32956552505493164,0.03108978271484375,39,55,11,2.172193765640259,1.92842698097229,15724.975104,15676.928,65.66090414833488,110.51919638309016
Llama2 1.1b -> 7b - Speculative with Full Decoder,The first digits of pi are 3.141592653589793238462643383279502884197169399375,9.149140555732703,50,5.464994192123413,0.10929988384246826,0.234541654586792,0.03170204162597656,34,78,16,2.8469223976135254,2.6180717945098877,15724.847104,15676.928,70.8576869439526,126.25341653385061
