Scenario,Output,tokens_per_second,total_tokens,total_time,mean_time_per_token,max_time_per_token,min_time_per_token,accepted_tokens,total_draft_tokens,verification_rounds,total_draft_time,total_target_time
Llama2 1.1b - Baseline,The first digits of pi are 3 and 1. The second digit of pi is 1. The third digit of pi is 1. The fourth digit of pi is 1. The fifth digit of pi is 1. The sixth digit of pi is 1. The seventh digit of pi is 1. The eighth digit of pi is 1. The ninth digit of pi is 1. The tenth digit of pi is 1. The eleventh digit of pi is 1,23.11714090022557,100,4.325794458389282,0.04325794458389282,0.05812406539916992,0.035031795501708984
Llama2 7b - Baseline,The first digits of pi are 3.14159265358979323846264338327950288419716939937510582097494459230781640628620899862803482534211706,6.315548332735528,100,15.833937883377075,0.15833937883377075,0.26772308349609375,0.037633657455444336
Llama2 1.1b -> 7b - Speculative,The first digits of pi are 3.14159265358979323846264338327950288419716939937510582097494459230781640628620899862803482534211706,11.26734562592056,100,8.875204801559448,0.08875204801559448,0.17508554458618164,0.03502297401428223,94,150,16,5.7144246101379395,3.160780191421509
Llama2 1.1b -> 7b - Speculative with Adaptive K,The first digits of pi are 3.14159265358979323846264338327950288419716939937510582097494459230781640628620899862803482534211706,13.935405538088277,100,7.175966262817383,0.07175966262817383,0.1957533359527588,0.0350492000579834,95,127,11,4.895715713500977,2.2802505493164062
Llama2 1.1b -> 7b - Speculative with KV Cache,The first digits of pi are 3.14159265358979323846264338327950288419716939937510582097494459230781640628620899862803482534211706,16.382177482755043,100,6.104194641113281,0.061041946411132815,0.19202566146850586,0.031040191650390625,88,114,12,3.96662974357605,2.1375648975372314
Llama2 1.1b -> 7b - Speculative with Full Decoder,The first digits of pi are 3.14159265358979323846264338327950288419716939937510582097494459230781640628620899862803482534211706,17.179941312265605,100,5.820741653442383,0.05820741653442383,0.19776535034179688,0.031038761138916016,90,117,10,4.027248382568359,1.7934932708740234
