Scenario,Output,tokens_per_second,total_tokens,total_time,mean_time_per_token,max_time_per_token,min_time_per_token,accepted_tokens,total_draft_tokens,verification_rounds,total_draft_time,total_target_time
Llama2 1.1b - Baseline,The first digits of pi are 3 and 1. The second digit of pi is 1. The third digit of pi is 1. The fourth digit of pi is 1. The fifth digit of pi is 1. The sixth digit of pi is 1. The seventh digit of pi is 1. The eighth digit of pi is 1. The ninth digit of pi is 1. The tenth digit of pi is 1. The eleventh digit of pi is 1,26.28049709271926,100,3.805103063583374,0.03805103063583374,0.05617880821228027,0.03452324867248535
Llama2 7b - Baseline,The first digits of pi are 3.14159265358979323846264338327950288419716939937510582097494459230781640628620899862803482534211706,17.461567664519738,100,5.726862668991089,0.05726862668991089,0.24179673194885254,0.03353071212768555
Llama2 1.1b -> 7b - Speculative,The first digits of pi are 3.14159265358979323846264338327950288419716939937510582097494459230781640628620899862803482534211706,16.268653972347465,100,6.146790027618408,0.06146790027618408,0.3875091075897217,0.03501439094543457,94,131,15,5.198523044586182,0.9482669830322266
Llama2 1.1b -> 7b - Speculative with Adaptive K,The first digits of pi are 3.14159265358979323846264338327950288419716939937510582097494459230781640628620899862803482534211706,10.13851950876946,100,9.863373041152954,0.09863373041152954,0.1853172779083252,0.03606009483337402,92,144,14,6.299612998962402,3.5637600421905518
Llama2 1.1b -> 7b - Speculative with KV Cache,The first digits of pi are 3.14159265358979323846264338327950288419716939937510582097494459230781640628620899862803482534211706,11.779060168773778,100,8.489641666412354,0.08489641666412354,0.08714652061462402,0.031036376953125,84,152,16,5.851844310760498,2.6377973556518555
Llama2 1.1b -> 7b - Speculative with Full Decoder,The first digits of pi are 3.14159265358979323846264338327950288419716939937510582097494459230781640628620899862803482534211706,16.606471580503577,100,6.021748781204224,0.06021748781204224,0.23328280448913574,0.03054070472717285,91,111,9,4.117826700210571,1.9039220809936523
