Scenario,Output,tokens_per_second,total_tokens,total_time,mean_time_per_token,max_time_per_token,min_time_per_token,accepted_tokens,total_draft_tokens,verification_rounds,total_draft_time,total_target_time,pipeline_total_time,draft_stage_busy_time,verify_stage_busy_time,pipeline_bubbles,rollback_events,flushed_batches,max_buffer_occupancy,buffer_capacity,batches_drafted,batches_verified,peak_memory_MB,model_memory_MB,memory_bandwidth_GB_per_s,peak_memory_bandwidth_GB_per_s,cpu_ram_delta_MB,gpu_utilization_pct,acceptance_rate,rollback_rate
Llama2 1.1b -> 7b - Multi-Token Pipeline,The first digits of pi are 3.141592653589793238462643383279502884197169399,15.880733911553794,52,3.2744078636169434,0.06296938199263352,0.3392455577850342,0.03254556655883789,40,94,12,3.2744078636169434,0.6474206447601318,3.2744078636169434,3.2744078636169434,0.6474206447601318,11,6,6,2,2,19,12,15721.721856,15676.928,112.5489206982654,414.09115455512966,0.012288,122.08119809265969,0.425531914893617,0.5
Llama2 1.1b -> 7b - Multi-Token Pipeline with Adaptive K,The first digits of pi are 3.14159265358979323846264338327950288419716939937,20.405200058413296,58,2.8424127101898193,0.04900711569292792,0.3373990058898926,0.03313708305358887,42,75,16,2.7352168560028076,1.3500514030456543,2.8424127101898193,2.7352168560028076,1.3500514030456543,13,6,6,2,2,23,16,15722.836992,15676.928,133.9131914051217,406.6993829905137,0.0,122.08985726753654,0.56,0.375
